{"cameraMode":{"drawMode":0,"name":"Shaded","section":"Shading Mode"},"sceneLighting":true,"audioPlay":false,"sceneViewState":{"showFog":true,"showMaterialUpdate":false,"showSkybox":true,"showFlares":true,"showImageEffects":true,"showParticleSystems":true},"in2DMode":false,"pivot":{"x":0.07999998331069946,"y":0.940000057220459,"z":-7.940000057220459},"rotation":{"x":-0.15814577043056489,"y":0.30044639110565188,"z":-0.050579704344272616,"w":-0.9392356872558594},"size":15.301018714904786,"orthographic":false}